{
    "input_data_real": [
        0.8282603250334594,
        0.1852316796351191,
        0.401514809070205,
        0.49087769549965965,
        0.10907749636887543,
        0.5578315129131652,
        0.0018510806397750157,
        0.23297478062411825,
        0.684025417354782,
        0.3623114756013329,
        0.5886150024267583,
        0.33461684950091697,
        0.9710070076595819,
        0.2717404150761018,
        0.8273412380924586,
        0.6889686492302804
    ],
    "input_data_imag": [
        0.11844963399893416,
        0.628964013391168,
        0.2987784780275864,
        0.9398095560651839,
        0.5320318974249465,
        0.6651346632099305,
        0.28287722777542057,
        0.9574693002237855,
        0.9017884521324262,
        0.562866695176814,
        0.012849422447845704,
        0.9737664975103117,
        0.3681930088994698,
        0.38988314402816093,
        0.6400710137689876,
        0.49768025203815736
    ],
    "qft_output_real": [
        7.53624543472659,
        1.341266132770806,
        0.11055391814419929,
        0.0987938925156665,
        -0.348828973843863,
        0.07388860378273146,
        1.5956441946525857,
        0.698373670703744,
        1.2871393185652007,
        0.07691765667502737,
        -0.46879212356258343,
        -1.141605147786981,
        1.894925206218867,
        -0.2597772084119484,
        0.49139896420493423,
        0.26602166118037346
    ],
    "qft_output_imag": [
        8.770613256119129,
        0.6008909285445101,
        -0.0007153522067974843,
        -0.4948387212312245,
        1.0562097420651926,
        -0.4730228369590753,
        0.7759899482631922,
        -1.5908817283425614,
        -2.460534987167895,
        1.8978225098373669,
        -0.08113327370877403,
        -2.2731919751995147,
        0.3155639588066801,
        -1.711327828793944,
        -0.21408860311984496,
        -2.2221608929234935
    ],
    "qft_fixed_point_real": [
        246948,
        43951,
        3623,
        3237,
        -11430,
        2421,
        52286,
        22884,
        42177,
        2520,
        -15361,
        -37408,
        62093,
        -8512,
        16102,
        8717
    ],
    "qft_fixed_point_imag": [
        0,
        0,
        0,
        0,
        0,
        0,
        0,
        0,
        0,
        0,
        0,
        0,
        0,
        0,
        0,
        0
    ],
    "measurement_counts": {
        "1010": 58,
        "0010": 62,
        "1011": 67,
        "0111": 66,
        "0011": 59,
        "1101": 69,
        "0000": 66,
        "0100": 72,
        "0001": 69,
        "1111": 55,
        "1110": 70,
        "1001": 65,
        "0101": 54,
        "0110": 67,
        "1000": 55,
        "1100": 70
    }
}